<?xml version="1.0" encoding="UTF-8"?>
<jcr:root xmlns:sling="http://sling.apache.org/jcr/sling/1.0" xmlns:granite="http://www.adobe.com/jcr/granite/1.0" xmlns:cq="http://www.day.com/jcr/cq/1.0" xmlns:jcr="http://www.jcp.org/jcr/1.0" xmlns:nt="http://www.jcp.org/jcr/nt/1.0"
    jcr:primaryType="nt:unstructured"
    jcr:title="Multifield Comp Configurations"
    sling:resourceType="cq/gui/components/authoring/dialog">
    <content
        jcr:primaryType="nt:unstructured"
        sling:resourceType="granite/ui/components/foundation/container">
        <layout
            jcr:primaryType="nt:unstructured"
            sling:resourceType="granite/ui/components/foundation/layouts/fixedcolumns"/>
        <items jcr:primaryType="nt:unstructured">
            <content
                jcr:primaryType="nt:unstructured"
                jcr:title="India Dashboard"
                sling:resourceType="granite/ui/components/foundation/container">
                <items jcr:primaryType="nt:unstructured">
                    <dropdown
                        jcr:primaryType="nt:unstructured"
                        sling:resourceType="granite/ui/components/coral/foundation/form/select"
                        emptyText="Select any one option from dropdown"
                        fieldDescription="Please select any one from the dropdown"
                        fieldLabel="Dropdown field"
                        multiple="{Boolean}true"
                        name="./dropValue"
                        validation="select-validate">
                        <items jcr:primaryType="nt:unstructured">
                            <default
                                jcr:primaryType="nt:unstructured"
                                text="Default"
                                value="default"/>
                            <small
                                jcr:primaryType="nt:unstructured"
                                text="Small"
                                value="small"/>
                            <large
                                jcr:primaryType="nt:unstructured"
                                text="Large"
                                value="large"/>
                        </items>
                    </dropdown>
                    <multioptions
                        granite:class="multifield-class"
                        granite:data="multifielddata"
                        jcr:primaryType="nt:unstructured"
                        sling:resourceType="granite/ui/components/coral/foundation/form/multifield"
                        composite="{Boolean}true"
                        fieldLabel="Mutifield Options"
                        validation="multi-validate">
                        <field
                            jcr:primaryType="nt:unstructured"
                            sling:resourceType="granite/ui/components/coral/foundation/form/fieldset"
                            name="./multioptions">
                            <items jcr:primaryType="nt:unstructured">
                                <content
                                    jcr:primaryType="nt:unstructured"
                                    sling:resourceType="granite/ui/components/coral/foundation/container">
                                    <items jcr:primaryType="nt:unstructured">
                                        <textfield
                                            jcr:primaryType="nt:unstructured"
                                            sling:resourceType="granite/ui/components/coral/foundation/form/textfield"
                                            fieldLabel="Text"
                                            name="./txt"/>
                                        <pathfield
                                            jcr:primaryType="nt:unstructured"
                                            sling:resourceType="granite/ui/components/coral/foundation/form/pathfield"
                                            fieldLabel="Path"
                                            name="./path"/>
                                        <checkbox
                                            jcr:primaryType="nt:unstructured"
                                            sling:resourceType="granite/ui/components/coral/foundation/form/checkbox"
                                            name="./check"
                                            text="Tick a checkbox"
                                            value="check"/>
                                        <datefield
                                            jcr:primaryType="nt:unstructured"
                                            sling:resourceType="granite/ui/components/coral/foundation/form/datepicker"
                                            fieldLabel="Date Field"
                                            name="./date"/>
                                        <switch
                                            jcr:primaryType="nt:unstructured"
                                            sling:resourceType="granite/ui/components/coral/foundation/form/switch"
                                            name="./switch"
                                            offText="Off"
                                            onText="On"
                                            value="switch"/>
                                    </items>
                                </content>
                            </items>
                        </field>
                        <granite:data
                            jcr:primaryType="nt:unstructured"
                            fieldlimit="4"/>
                    </multioptions>
                </items>
            </content>
        </items>
    </content>
</jcr:root>
